"over_65_ratio_normalized","mortality_rate_normalized"
"0.27153527219140841033073694341178","0.119768425556315471620175441084407780"
"-0.22969080613776370055286928668740","1.575280388629462739746372112291323089"
"-0.11654192937067156829270752922457","1.690066013221046202638817004316219604"
"-0.00297725791844361491146320875755","1.364699758299322513754569351689393215"
"0.10954374394119176205209673288221","1.223572185156746009667286722414644575"
"-0.42477628819958537484906998788478","-0.018621421912740338191347417343635189"
"-0.12338411106569541914775330944114","-1.414381186662669063599714107855440922"
"-0.14225670596481840742162410939408","0.763491783448505037989990474749003620"
"-0.02494848375772334107092413455660","1.360741683824897527975607342556629095"
"0.09275807707033883691251044135261","-0.797931907847119775471867909401314507"
"0.21259285358917271528494097282416","-1.475304631319104996449512558913102886"
"-0.11397892856440024228927535990899","-0.938892186007859030084101299580764846"
"0.32967698714533048825818836635885","0.221446773769609021478471281300649675"
"0.52655699684979471704208836994836","0.068607815201562576754506243076596487"
"-0.64816770396521502631482404245666","-0.811670020797011001746223218159996663"
"-0.38334316793914872806663803643111","0.049531709727045499712718052371269096"
"-0.27941000510454107473244831971178","0.680728650879994874335486161237810773"
"-0.17331977044915960790140440294116","0.407741715128736399841995465983522471"
"-0.06472688211686943003039889915436","0.673077218197693620664278567680631778"
"2.55096281212669816261577075502818","-0.630051423079950798666943122986333240"
"2.66758412406607278121147081928648","1.643786861341973621505198303174108998"
"2.77894011942767264208881042913187","0.364167962721994508465935669107507228"
"2.89987947396746908480879852742878","0.482505973667670054595753345185330478"
"0.68984000546373254920696753329052","0.513652754914118305528967542866128174"
"0.81011835463224491763769865909603","1.015545998742732820596922888493238411"
"0.93580566799189103525752257241313","0.668083753955528061978126814615360717"
"1.05834011951027946335341687845575","1.203262209005017237945455132321053554"
"0.80529806906001209768293287189165","-1.442584176522895345679207078597130923"
"0.94981718177918659466329915812785","-1.759494337363572969893124269820775640"
"1.21665495171837198278911807052788","-0.633567826781485372601268990076673666"
"2.68627182000052566536620387947535","0.541000278044680507858979179715102695"
"2.80838230597521736350929530684447","-0.397050532500276126592972878873708786"
"0.55927790148846181327543352848807","-0.490111766667404015924686387086197961"
"-0.42753238742312739068746990160930","0.904469303504139297616702232116966186"
"-0.27349585627125583784845091507034","-0.497627840720555942573425966319575400"
"-0.12252823994210167073580850859214","-1.518987883554596079350702188575115275"
"0.01777765051281988811102200490087","-1.806398607323338764941210229795688990"
"-0.80050407317166672744745992614033","0.375792915375524420861391159707631929"
"-0.69160738785129121116582361203776","0.747113128581760461898392712864894790"
"-0.56765044854405571318669967498323","0.340341239305022552480158376658007829"
"-0.44533661535724876497222490994450","0.164732369180843709518070023397603997"
"0.58764450788903992211789564552865","-0.793379071284997484056985998043211647"
"0.66071975229965962270899934543202","-0.647712580922513634046474895522026724"
"-0.24668918455562756073333323950117","0.501724167420178702052000414024820818"
"-0.12880860618949648761460020254359","0.712713662520556540550036660145481961"
"-0.01158543765984267504579378638893","0.137657009531483582534170598862484399"
"0.10413620205998425450504501780706","-0.408704343409134464713825745796568674"
"-1.29415012870428595007329985556705","0.743083383737268743183686904813904243"
"-1.18710115878044189209991329031053","1.111090211289780329774798336057287322"
"-1.09195646398935586616165011149339","0.240242781540604916727567192572907850"
"-0.99643104213434452814793214740799","0.439054508916810210173139717390002140"
"-1.03509180518024375780909679716994","-0.577377995647277472611862062984902316"
"-0.85634793899846646050191047816001","-0.583902049807634158940334415397913482"
"-1.79367732958655629464404558266685","-0.448620639235855008412619214677242797"
"-1.68340843583198676964718721690694","0.359181715268834597811760468187843178"
"-1.58152138500032347179378248375130","0.241252411828209183813748304875287355"
"-1.46440367163977987642868561655077","0.324626149266669825322001078082462420"
"-0.89785938588736482728195275686409","1.210545912169445099469496547936957739"
"-0.78016483039277693158120071575897","1.396414457220258464134322291852117720"
"-0.65397731491176189076724286892350","1.085137935805623529978220469345916561"
"-0.52858005541423160283753384430283","1.390916416798042484616038279900430846"
"1.17304031228124532812461179564433","0.215986134103600068154041376697054030"
"1.31360056175593727781008757903112","-0.871263165810471783378437758404088647"
"1.43881117551560146086255808984716","-1.155873426505151125841481795503049646"
"-1.56950433780901413611807423072304","-1.200244740894540776847012273039852072"
"-1.49141970144107552295617167889377","-1.210371410638293222263013514132988772"
"-0.93598101323656191539005937868601","-0.718860265393598541564983410972645574"
"-0.79749711629635661732685969365436","-0.649193334052744610500303558384042215"
"-0.57050013383273863523148979849738","0.904910631678202309203064385575916210"
"-0.44318389522510690680632202677724","1.066533998543358758074313249263694514"
"-0.30880599384963704875592589406565","0.936905775380718273234702815005624870"
"-0.18459262412803638105277590168341","0.837172590153075418171899134172957391"
"0.70373825708541024264289591632667","1.112154260973679440289931336531258612"
"0.82134462087898297255519649627973","0.612481875097650197086973186941149995"
"0.91861795812873600317520098600492","-0.465665943262094052912917363385730700"
"-0.58732020871613937879951306388346","0.652360027786501085601363608648520289"
"-0.48427188295658475256207621485603","0.919514731080873344905595551405925546"
"-0.38152444178020760824414542858450","0.716324469828043739688910384236948440"
"-0.28237014688491751389912792404884","0.818286815379298700408901247667892110"
"-0.72891382838463924960692535208304","0.917874419554619015606020036087780614"
"-0.60931755699451640471021555077675","1.055846500151489014252117933255826768"
"-0.49670672270152267546476221297715","0.554704539449293305548841519597825056"
"-0.39518376313789416824043225915728","0.695794762123857549064025031625950079"
"-1.60364065298798584878759229525699","0.375329563042432109706611261897541355"
"-1.47965264262818987688657107294127","0.738920699664230095539565396980269164"
"-1.35154582445235731785953454359223","0.591080130888116853598092704111413156"
"-1.23788410329682909304475961562436","0.977876180829885389353107274092308240"
"-0.75297496175784601182664506270498","0.345072556088655397596440539460669006"
"-0.63528562101363051906188158140156","0.525491564534659312207384126443313579"
"-0.51355126866166680641459621780784","-0.194817578603898961403534377666889822"
"-0.39700830405204927784867287678665","-0.082611354979895464829129700249574834"
"-0.16524471062986595170940829633494","0.225189997445164544284140869860246012"
"-0.09324666118881984010298324462628","0.328609448265547386688751923686736448"
"-0.00353210220618478181236843245923","-0.145008543296466409767668790474070052"
"0.09682516631524636153804351217184","-0.924002247187587579385094155040929247"
"-1.09661007501822963316903456501425","1.192824309908610183654630249510842381"
"-1.00168244620768184450642219276815","0.821314511182735694500555899887020510"
"-0.89239226864439598763019698732789","0.463926399579784732737392755638162996"
"-0.81389394434453256890458069431122","1.358593561095648734725132541626934937"
"0.67707989460481771310689909444162","-1.273420908501929446789939733133464227"
"0.83025881514321065015367722499332","-0.993989200386570169298117528747487420"
"1.12258371816176635843277911607988","-1.136771994290537303523175118873643918"
"-0.10317425827285259276475698385641","0.276351825052589718974049327019087643"
"-0.01408783286327612828056186158802","0.205179783566728458506239323667976261"
"0.08542756315304755180483082988884","0.036365226419924164698456891309380631"
"0.19832506355084950614448283450447","-2.568636488630973033663035858159698544"
"-0.33750531264225856890190520196310","-1.356658475581996771004332382414251759"
"-0.23994036863145032714622530744862","-0.322372110156760527105198394344177029"
"-0.13395395102432305949889370531576","-0.438481416719822173404404695175455858"
"-0.04199111201385116403356652747113","-1.471801837589617041812302484873376860"
"-0.88488636682022204294202100393860","0.208103104099759682385829676990867459"
"-0.78748915656194404865751493356464","0.208103104099759682385829676990867459"
"-0.67502236460605449416878859862226","-0.309427475624513037205353046180628266"
"-0.57145045071403733858100851524821","0.179322553296077366013196353867397026"
"1.08423946027796620835954740483569","0.740391140466877553579327052022235515"
"1.15868473601302673825831774377396","0.739288438750436743583588630556234043"
"1.23351998340021395699166913599501","-0.421470230177968743314347861927199945"
"-0.37304725663436513750816261495324","0.468591907299833049491414011147035153"
"-0.21509102110651004539300330014575","0.488986064951657066268019519355587824"
"-0.05741581079243998857445491871949","0.541417317665545611588527886131123774"
"0.08216552260418518587052525260590","-0.832837760701800400400906059921345285"
"0.51034831654454350536106389967821","-1.448482948188344162976539623978793506"
"0.69738364051570669315347257584791","-0.218297353958368634489407537912947808"
"0.88606291984250145767972594895298","-0.742890353371953494681357177478729893"
"-0.97583780681480479706580200046461","-0.565252961306207675264243796521786766"
"-0.88147893981942678938245092489696","-0.046448752369722406660432570019173615"
"-0.79315746028480819124726486999419","-0.300381725893737381062063948960534988"
"-0.72300167650194414981950289248945","0.207759465882317503617715489638708674"
"-1.58513308831967532648066947999801","0.573746578809240271110676148753838099"
"-1.47339008080907523363462021939437","-0.552384637544636020998142220447698930"
"-1.39088110817870465635889798832591","0.471500838196498558238635389921998944"
"-1.30353748349963651531191420919661","0.556219891256719773961298886778148888"
"-0.39913791861121309566196773506492","-0.197038708504271509430298991242920004"
"-0.25286045449240275641009960103611","-0.047661086868334265915034950253190604"
"-0.10544666014711922237435332858459","-0.914504039591995880166900347186986614"
"0.03623396947943293000559523084964","-1.040791532193769397150024496483201207"
"-1.25606167104444782368736999675414","-0.689709841059285421826886962638030811"
"-1.07980934897391662771673666654078","-2.126939830591278383993433658335627931"
"-0.68965286974305512505438799809181","-2.596997920260418639488821803307370762"
"-0.70204658529380201012114033194830","-1.487878670568608209574524327723168639"
"-1.37556230574991936232727664882014","-0.936756403012958556491713480459737034"
"-1.31445267176245711650581083718064","-1.024533925832193582594980477615761773"
"-1.24269920438754445480986705678089","-2.439566246213438348059585043953871103"
"-1.15829867881511683018988918664054","-2.018565394462702365501539189342665431"
"-0.79682919044767877999215894899532","-2.324580203772679604800439471645889616"
"-0.08616959216405397637022520500094","-2.087266441173807098427380176500682679"
"-0.15919839800197296622153859165027","0.478460402396242349470237499503448866"
"-0.07064110878072820456998824665906","0.615136734688339006850623396323563805"
"0.02577597716687502281426500456123","-0.014855644930214459515441749254802696"
"0.12572549792178357982365591764071","0.305849059465623361174333023200385565"
"0.19461822981373835757843116584956","1.057549373363895247740310787296088468"
"0.27361613219211157756347308396176","1.290330934240548380770154079954623348"
"0.35475608702010116791661179807618","0.554980166563032647117594596914277452"
"0.44414311055523162095995987288562","0.412123975909046124250504580878786758"
"1.09004527685814056966445541922939","-0.317325419919089724356795780286479102"
"1.23019388185470048304799763735545","0.907886362551301694009269298903982134"
"0.20176425122455970274781116323642","-0.049886129774528401022405002924243593"
"0.30290072330610399293459912336353","0.923662547618930641271735648436680564"
"0.41103023378370496229962711462859","-0.440037049548854398298805777834754401"
"0.51034831654454350536106389967821","0.298729185865789918146448709235933527"
"0.33249932079830109224699448142965","0.837978579815960169069835299801063814"
"0.46881072732278054583387884512196","1.121506216539834977259361448715191127"
"0.59319880567992999174659945648419","-0.033174378790549904078721302701506584"
"0.71970079850841749435495046589495","-1.197303367648384662865053171460676769"
"-0.17794093975389289837381145099257","-0.304184124322603861062240596415317478"
"-0.34831736511614254585620522078364","0.941439242131651082225618032636394562"
"-0.21888217692862432605254378589842","0.520569550980212320497483056173042459"
"-0.08051635025164042782859377784160","-1.185175934431665854922503900835594632"
"0.04529522523773548229415508241804","0.235016009814074079443144777956469357"
"2.53244064204317931407793391857911","-0.815288013667486411007692584137083191"
"-1.12788439114386037810092332106025","0.030798424089275552303742350402854525"
"-1.10091021151153069744142431689133","-1.368783677121605277859424836274504731"
"-1.05065442281422331409211900946240","-1.387622272753444060104937587278485119"
"-0.99433228326768784567700592808314","-0.618677098294063604844438641107458897"
"1.65829058493904274004472195892852","0.582437230385561164234070025692671251"
"1.71919791327259101204965183193233","0.582437230385561164234070025692671251"
"1.78436947505791831630216688209783","0.627686486222220692682461542151627412"
"1.83594594556029978349559524622102","0.910526739057252801576935755196794820"
"0.04502092339320664543097997261587","-0.462505184126095991152292465014640332"
"0.13164351245599705795418415976418","-0.209983479085417952988271052703940186"
"0.23338078523769617075910167331185","-0.155147944089852670286576864234301972"
"0.32787998716046933467498842108501","0.361053410800428673474314383618665814"
"3.88801874844694658136217174144311","-0.367544904385887955804652821514471945"
"3.96806996672824080055592780180192","1.549057601300854248538954945060923362"
"4.03327618813394734158402157257913","0.579997833772481376936323247931327446"
"4.08460713181824503502329593288967","0.933659566756479453216416214384692259"
"2.86567266518189211382425894675403","-1.504121514438573390464836939914683508"
"2.96290809054281865158990603139642","-1.685063802333071056938128552934644244"
"3.05879749483644024317274114424509","-1.567633278242698942552267752737986299"
"3.14155604162942583798869272800351","-1.600377419111654864301181660427664844"
"-0.73351782142288859101208879984208","0.583249522649460035670445886146180583"
"-0.61923735013210382592340597331240","0.196550159475678843045398250515858280"
"-0.50543265605958661121078761968642","0.267277887637759088000507663206473233"
"-0.39731246983618244611670609850965","0.155522095758842835169329996471417155"
"0.11008412255811346922146185105699","-1.432314255815693312517156339276766935"
"0.20625748473098692344546118801046","0.529978253189365029354057524631170586"
"0.29928339960059888964285387916338","-0.921181979405496850728681810868385489"
"0.38095729745541948105277372502072","1.186196086649314876546869434070374272"
"-0.58350609692684965929553601507794","0.521695941242511013932319131120158206"
"-0.49421686292819868890271126342775","0.479183589358585216828049505349674384"
"-0.43918885671675570245232544009608","0.079458741695576837705915481990141242"
"-0.34320826995455802030783076157969","0.737080713568263167159600804750010984"
"2.25420633539596132384691469527084","-1.363175814019578909500571264690987813"
"2.27722760835256656318530979345598","-0.246484883907470034692923380723831387"
"2.38797440996337559228435825534734","-0.533827988924383733369273769732179019"
"2.47902977780291396784339748725243","0.305364635933358981116175624142647674"
"2.56179399381640488951949222896165","-1.628838948729347464186757717902618978"
"2.62981219871911645562141449282536","0.058815349172834932265073244417577357"
"2.23583127999884101499355464891949","-0.306327019591840102241114642904790223"
"2.30579071872005324234179342187264","-1.089813165811990386050559782237080483"
"2.38956085456052190925764542189192","-0.150825314455418633343760149437869863"
"2.47700996127444728167939496930376","-1.396650261512654999103857191759260526"
"2.55264267788697542565955950481320","-1.445530797304781253764973257758379917"
"2.60605319188182741421572890870876","-0.449403293170610527019253536065173241"
"2.85544243902752797034974706102033","-0.218522664269444125375145352748563660"
"-0.03052875681629988234933612411572","0.457635253290776586550764784271865068"
"0.04145339875583709512707860105969","0.145900156781128088666899986126679421"
"0.14265075214447518875205034620602","-0.055767283288005550337876432946249842"
"0.22444645364088974160734779676759","0.581082477107361954519143254020083702"
"0.14211446986966688589656560176752","-0.514127560392669417406814216654370444"
"-1.39587154730951057240506988746311","-0.660791298198188451441393673719274201"
"-1.30842705692875888272393541938266","-0.014657695652398977319677153001102094"
"-1.20800373412880745901387997295709","-0.343942026776416769725049814118677499"
"-1.10844586178532285346161573537143","-0.283853462840799395707121905696372096"
"1.71028419502901419605345798437854","0.517185532606405941928429008544637957"
"1.76036782757524144953281492833539","0.166850180250105673393904410754205002"
"1.81966846155637073607454175537100","0.045917137809703544986550837048803271"
"1.88726503961879579073282661774391","0.571839081383875937015459930354369327"
"1.58139593679798843601104244112720","-1.766109924738654237457013728738776624"
"1.60737171204446769274728645992383","0.001685860840847175558072514631757684"
"1.61783201566378795828325511862674","0.609556344915466313688324742545139188"
"1.63091889131267179080969960524086","0.194298680848180677216239352067339724"
"1.77925064960454097258162813395650","1.325930241599801741119267094603115374"
"1.86186183970383471574799118432003","0.977138794073465842626456074769260825"
"1.94853894866236279496398496872812","0.306010500830170332355605380967823456"
"2.03487429317290422074395177622940","0.679965180261180113811872397874713606"
"1.05942239347605364240005720906544","1.624984826211402189168269237971592159"
"1.10141902809089788367134441821374","1.564364989297611468938974414543204508"
"1.14173394621514027225868051289099","1.131376152683939928430086022477884440"
"1.16544629955139709133462167554759","1.331743862478702075297218227639042013"
"3.47325045732661533866592081950702","1.620861432442455619545119494619227401"
"3.54976837398676664645329255311307","2.001454443554716438154490465265057022"
"3.62874375961347311948370550683703","1.260784766327772525133634014832391222"
"3.70558854255832958048275893596196","1.075962423486261159184888333178435506"
"-0.17418585972323040739273067546978","-0.659597820193981150926898748549802974"
"1.66975346793976218948390328381516","-0.064732614953621152925403045566298661"
"1.84514244844808963859022957065135","-1.160787788015802705005302948441816401"
"1.78856964960647490370003500540680","1.456201583230236437092954806150860289"
"1.84982326785845474908809260883001","0.768793372005891535978755274712925047"
"1.91464562565496419357506865029811","0.267112421489804079763715414134310024"
"1.97448308883144082962372953047066","1.217705623247832946162655646900045902"
"-0.29126287568057004148579760559265","-1.311777880821204530948087787825237008"
"-0.14598386531113444434714578393108","-1.169837521802786404101326186373353522"
"-0.00464200660906989670863933884149","-0.085921636741531660174621418699072352"
"-1.44532139876340086474834365666608","-0.874679028030295751377416330885189692"
"-1.28927682887538496889803402257156","-0.934268315828615195520737317243413933"
"-1.13149382703802234294843751674047","-2.538806190109159059839282172833263809"
"-0.97027023682043616762180542633810","-0.656022809714047837551857812570553324"
"-1.25568992754053247236426865941713","-2.807773563387216349524177727923480809"
"-1.09840127355018535736600570843064","-2.820681538299598817696188350915152264"
"-0.93943212520360967329407333865616","-2.833696312262292033006763463743075979"
"-1.54159508027028695831141563498878","-1.033965564198370835938997832789451212"
"-1.41357689325582535141595516147563","-0.517121426384234993832433137895504807"
"-1.29452522785264817243189161141435","-1.828190025564925679217730085310460072"
"-1.18381006378580352774601755547085","-0.338825770021638295578372646110299645"
"-2.19369429409997782111474619452888","-1.551250424977521349821258750837179564"
"-2.02089907142079081119836275375788","-3.135290320157358977462613753432827642"
"-1.31746866331129438310994013492931","-0.931429598281144444696573539083119663"
"-0.88181956047374958866182101212189","-0.717003117676003171274699083442188176"
"0.43137984950754567410371692977849","1.318060339724029578584166662557993636"
"0.70444374355655139223685395032718","0.999423084022505606815347513602612433"
"0.76352520730985240559353227549033","-0.185081695350451971423690332550880812"
"0.26372302465321701557032043177414","2.703784434850914181028622199019617228"
"0.37461250571324549914291796979388","2.381301618348430463726133320500284245"
"0.48666193525038932461312270313426","1.530415792594701517137985734510601948"
"0.60524855696548494973489829079399","0.585143241605259212937223575711747155"
"-0.74175157570246525519847449574713","-1.553354778380443433260769655589596899"
"-0.56638453051363864390908443272759","1.016779404922564369458607464674853329"
"-0.45765868757792380344820004796483","1.143745591660903288323874234043129659"
"-0.34080609852647269089529633323708","0.908656930293965235532677333880879246"
"-0.22267669381952468114318126152072","1.263773263748751455929560147674858076"
"-0.42385798270785086914458188349977","0.442018527005205160646301032633127996"
"-0.28059381615610434506852299880232","0.593636876799190325677224136937254976"
"-0.12281351130086675912383907554861","-0.314927913077754485554784904260445393"
"0.03128336881609875252716007761477","0.096887299269270659252425023072194199"
"-1.03085725739022071998475276753799","0.192738074932070209023146437469398492"
"-0.86143015075290646724023224701625","-0.499243111032698043264649844743057148"
"-0.68249392986585623533048295562471","0.342708676566362382382277639472020899"
"-0.50949003739565148010132165448208","-0.661985682412053056201759147122180223"
"0.01004091972768535876226413419429","0.185434705054386520196426555494022779"
"0.85144111637554017011001705597326","0.498013577577046124061952734636224557"
"-0.81724796757834501725724497380726","-0.543494446821010931194309663853507293"
"-0.66205932348724603680281603641909","0.447192157350868033931390909386599943"
"-0.50106746564587894743800184530425","-0.536859622499656172220286794534831609"
"-0.34050592187174712002052703072835","0.278653221123803895116519330694473640"
"0.16831359885103847961710007624702","0.248301737030996726707682658253050120"
"0.27569598102348531513488876676475","0.251146078270761581597038819305019036"
"0.36113036042542246319381732385493","-0.772091426394753610813386848072998291"
"0.47625778087125088048876865753179","0.057681516398549991832174057656776309"
"-0.24052679993053014578779191728825","-0.328884594537099999830007277838269136"
"0.14130992044601779114141573689004","-0.086957530051332876089591477866096166"
"0.84302630207616522839874546105493","-0.225297024154505328203942482210406339"
"0.33172977799026409384905886481741","0.837402915057811610310308892434292287"
"0.47303231509236939608487733650726","-0.568627300678303882930423417734312097"
"-0.32283265877558184996046990076132","-0.653643975333896076460288511622419298"
"0.48146301941189828470865109527848","0.028296551518901105667602086400471993"
"-1.18856468036407777764083684595070","0.208961871350485811740547427497362797"
"-1.02697926551616808951680854500776","0.255819692718443741177024500289121991"
"-0.86685783645090101255474966799043","-0.432532369016588185320382627838025910"
"-0.71545912518157545264102766224441","0.436084895170784186545756090047973299"
"0.30290072330610399293459912336353","-1.020401853420299574390088493173320250"
"0.52900751153349932505035264989022","-1.292928535376895120252248338511468495"
"-0.24580830049331891937401391210448","-1.734487692164319817620742165847408066"
"-0.06810543945291858307765353769933","-1.058371448159371001862981939992521562"
"0.06008147990271719801639029209797","-0.765697092654145071540741470772007884"
"0.17390689411311809074317637051818","-0.697939896888302115202509770616166916"
"0.28737633621121811166599563306811","0.569792764022196969563111131320248613"
"-1.18052149748522480449620225502506","-0.554336082640037977503711956451564882"
"-1.07838254045011423216745841081571","-0.015845765145497847020939540180813112"
"-0.98315625059785006019616198736483","-0.796955190067160399362427966713268991"
"-0.89580839846868821818650681958022","-0.145653790013964816540784496121492774"
"0.26320170079999764068119923304591","-0.589026773039751441195078454680771244"
"-0.07458847161750317000372382654526","-0.758693218190978429604416898454110973"
"-1.03544487334539676481069804812548","-1.665721014747704774617312911247905503"
"-0.92908712621881245091872687658668","-0.660492843793709920236195511063556339"
"-0.71382119747812890658781537411239","-1.048029001009006783200516068590500053"
"-0.69388878762413331671699876360345","-0.234375127170155400118207350453445507"
"-0.54586566730933494089562712799856","-0.032573651674566142935713125054500906"
"-0.40035531713457077065853625681996","-2.036355721324326525588231139785781174"
"-0.25697958340145060032760484683074","-0.494670812886581397476352425887952546"
"-0.66238292147852651035187076689547","-0.036783567220788058730911663248584120"
"-0.53642849864040297356477577713651","1.087497147247617922613019151038630564"
"-0.40827685908620303465200615384933","-0.784958605987455915746566924711822629"
"-0.27379136970594620233600353649531","-2.232760808345177763323780563938545445"
"0.66736619183782081172734167166660","-0.404133868714495737944138728332430198"
"-1.00799264793496800109049929408560","-0.291623724853919411642522187738808094"
"-0.13967826487698042958199384465309","0.737694281440490471563603164648799374"
"-0.03136642563777051867574388111999","0.699570275419117585184347431016588559"
"0.08270936870779378984053579072177","0.809754693023991496393853556697626175"
"0.18852145343946440500560186557825","0.630053092386916423405763582188743230"
"-0.00325467107144825460411426811670","0.065789316088621314267762071238708531"
"0.28841304902472584957715215077893","-0.781409626269517029450941839793659610"
"-0.79515983170361784007434575789250","-0.838508653680754150731198075055658452"
"-0.64333237809265791981921180664146","-0.168624086194924296214670173067198954"
"-0.50418500444613399624281068626818","-1.847111712431119774653076986488241254"
"0.05461104353730803693823708471870","-1.560213434607346741057501242235216564"
"0.19673681361130313038073235026767","0.079458741695576837705915481990141242"
"0.35603170137986746247492720117765","0.601549860371237410628323687273004276"
"0.48962991144303843367312133262422","-0.092771173172991379121742312764252176"
"0.66143236469905996143559876048936","0.857540569516588235786220861853751544"
"0.79587136051325638562834346479347","-0.754886026496003147366952203941870491"
"-0.49328353881118645712749523172165","0.091530972354883215493256254662668994"
"-0.39123325735242042142402479813765","0.353239943840585911788844859888260870"
"-0.29749879765109283344196430778579","-0.063915470034421338717121638683586211"
"-0.18748788827797237292113291731015","-1.993295711524700528357859534255539964"
"-0.80618965088633427336847960086152","0.767830774907644070991094186474431087"
"-0.68639732168190378292093092627488","0.893173394550909998920174395665306614"
"-0.54870088026891633320282873982342","-0.200821842092599737723669392453201959"
"-0.40675234657511002792085289837145","0.943270508688726003354225131036656042"
"0.18002450899309724365971939340250","0.889501399828215159139073156401268344"
"0.27699537349518004204880153083698","1.151026498106258997550311569606700032"
"0.36596846712276410670327617595517","0.627818057794718905710450083839829971"
"0.46284374105795751525807537508762","0.916998886833714733310594807668141913"
"-0.14111054037461481286777795449241","-0.682732857200977327188653477816687080"
"0.09845092051166401534132076391055","-0.821556941681148169303787361680352117"
"-0.38303999323885320884491173571484","0.686823112360810314327522016013317736"
"-0.24082004571390943460474855900920","0.376564866087432217419240409478527601"
"-0.11568742522588912887602760461324","-0.151904858752876250113890470258112665"
"0.01750157937848737248829553898715","0.209305247019625807180200171636006737"
"-1.16193386574133582863654058675422","0.302454957700203615871339045614063238"
"-0.98490058319306636367599286634082","0.208618420708491107076006825698679305"
"-0.78382542674591832174725858127741","-0.561605576965671849651934809778235161"
"-0.63464253351641879679797913147786","0.396808542119733833494280513013486971"
"0.16404712903951229661109739765368","-0.286204036999189349945745183599323061"
"2.61644518633359711639974420124738","0.825613132385970115357974477062306500"
"2.71576829337789810493634270715454","0.771917750595051703411397610477802116"
"2.81168909943760311342849828345775","0.828510970304541907460704260299644045"
"2.91042550365457507879809360735397","-0.846213725094348525986141422587338669"
"1.41457830972308579719022901844647","0.111569510019192463682624651100737182"
"1.52353282988953130154080658061795","-0.033174378790549904078721302701506584"
"0.15362975663272878960561465303098","1.592902457704547057279829208547333624"
"0.23443065801652759630902964837311","1.495414570686912585351352857560156956"
"0.31785429505680157625460458988435","1.271569317581526942658883153129261755"
"0.40018790805428278521172431543013","0.975346557233392124421656849479403637"
"0.13728490322548805612240275137771","0.924316467368146623939142574665924657"
"0.23311827679947474903668731159105","1.404545358783007773303618347945740031"
"0.33634496078534741960571742369111","0.950038437712044504686089767934625835"
"0.43714054225077285834896121849597","0.997135985176005715684474670920651587"
"0.07890099400533980635740246710425","1.063544821864865752022271258861591278"
"0.16217921032115947790901895470621","0.568153791293471625345306365598695489"
"0.27387616857419771739859298812407","-1.155873426505151125841481795503049646"
"0.39058340328422521975422729833829","0.633727417087070078514409027275993345"
"-0.29423122924267111163421111866453","0.907005251236239841783224351311031690"
"-0.21800699671299118520804828641287","0.613544356687578863335998163280764624"
"-0.12738044079547141613016043417585","0.632809640229311537586207537695893344"
"-0.04199111201385116403356652747113","0.481928671547570568266530624009194120"
"0.14372311515156031880790118018871","0.936148925688239785911470053509074647"
"0.21654770232866452457901148370667","1.224562826890741416697510807088029427"
"0.29902490231351175070986838949927","0.475129453263690231161638146716132293"
"0.37359646563022085073593908170420","1.063644552657993633874981231542172118"
"0.32479765935782589270767354938692","1.294556080964490158915004813305061090"
"0.44414311055523162095995987288562","1.198326573785358859053303467039078877"
"0.56219596454994468110911407078201","0.937230028090991667824355282004136451"
"0.68511847290588940499817210036521","1.410796032190123039747754755467071031"
"-1.33182371785570744222776121261676","-0.175844229593176909912719497601090554"
"-1.25754896802045752876774332913254","-0.314448849899364389464923228048399607"
"-1.16375261766163686790280273272094","-0.697939896888302115202509770616166916"
"-1.07659969840757403646144783570355","0.156765085893916609192374025802622856"
"-0.25668522840462568419943202960992","1.062846529210559898273512964276849376"
"-0.15632220084404935145213783080494","1.498518860943650097201630041738782047"
"-0.04451135281857319092162259157255","0.785425143487722620440968109255468822"
"0.06281407836726790051718726630775","1.009777281058668705508370731692341068"
"0.18188465752189400219294264636355","-0.708980718512692221804675705265457894"
"0.29876638941338564116650941103202","-1.457372790001527345054968427383443251"
"0.41203742730044589323505841730175","-1.714531404440135133444727234739791243"
"0.52116092081974388178666176373411","1.009777281058668705508370731692341068"
"-0.93977738949852877138564908320511","-1.307269411314425750052719372603102380"
"-0.47249215396467714982707941663541","-0.742575909805871625840721531587709073"
"-0.36126765889820408378082639755840","0.663974680117610295864594779220535595"
"-0.89068522565537359584641828512257","-0.944601825431236034942250898383565085"
"-0.77384934695255426049165495551807","-0.361364134413726982479433689920932090"
"-0.65333141302724303303049020382345","-0.667971244939056090636983609488942718"
"0.12357146222979545265389466526963","0.952716074170556914305065541706525849"
"0.21391154258183904351492488506503","1.174250218887163699871835704728731386"
"0.30754708037139073291464325129791","0.977981493582850924610708123348678003"
"0.41128205438387987426041166140250","1.303571931027982025923709958319132023"
"0.01639711673649283019925264636516","0.886379031714224949782107027343411417"
"0.12572549792178357982365591764071","0.987744889019090269589149653685992066"
"0.24831721471584576199042876328235","0.671030534738636242072440442487271164"
"0.37130949318487023134300345270555","0.786377036971588270365717593055929983"
"-0.49639541100704544698445725487545","-0.744778335915967633244118609505286295"
"-0.38061536842984556742737719217907","-1.008442630718201565213862744253534490"
"0.57820984619926060175281997980391","0.546274627775388106065372895462270033"
"0.81172391086915262839117951617443","-0.391004385655766531591222619026860223"
"0.92465267848931420249762811768008","-0.385733003938712165120983718965855301"
"-0.59527720827435893561253954821505","-1.698284815842065876468498348947147198"
"-0.30433905780705190764629330808964","1.187487097102671815007017274065267383"
"-0.20955613466131567269581108910856","1.422429668844667211375683725273459773"
"-0.10914188832188214976085959208600","1.279761611006109124523315492036621652"
"-0.00353210220618478181236843245923","1.989099357727998828138130266060191920"
"-0.75992178443079388554348944989971","-0.303470474132328367780745382874576229"
"-0.64268808051058261017258085130354","-0.017629553581695189969294275493756612"
"-0.51824209822882263748279500201444","-0.700999026467960041373427774203712207"
"-0.39275225116814332462399220836705","-1.452427787708101684725024053304769394"
"-0.61667520169902811203896794418543","-0.680313315967794097416371990206809387"
"-0.50792905089830279494571045350580","-1.143248602242322128262877351973878102"
"-0.39001845032527960494362507727390","-2.318574727408770974969016520786147217"
"-0.28325858878320647184481447231547","-0.067595969674474578332673303272746927"
"-0.95846314290618438915493292320282","1.471281007864483677365315830282528371"
"-0.53894304307911836622116726553168","1.223211797060986587988920535521710514"
"-0.40553312741585019413289445930459","0.476143967284078202754131717446689309"
"-0.27852236164009522788836053491278","0.598603908497158858167829918875526422"
"-0.13767388405376339338162308814647","1.802039359305071836476806974635506683"
"0.17337451413486506323821846558034","1.092890364909693809147289186970576214"
"-0.67242661358743365320310672047946","-0.717621923322883954648268144430409484"
"-0.56638453051363864390908443272759","0.416494061977822712233926069200333065"
"-0.36639836995253321179344222091238","-1.072268015013513556263349494656895399"
"0.01169996832897723821104538361155","0.567743781142815699900561552695684909"
"0.10711119552127054591828622980438","1.243356406884931400402400928582866117"
"0.27257582864937311651939910081903","-0.169497492066383698292708225447606263"
"-0.43366341386849474859257223297038","0.372701318597930942214474404424060820"
"-0.33300833940997594676978615138123","0.514784107248484158486490140705916528"
"-0.22793620014312826008706191196067","-0.052925360321507231400134803119407799"
"-0.12995148171822017795433126066029","-0.152985144444731477770379156092657695"
"-0.55027681048652162622224484941346","-0.499512484084830870904822058148021911"
"-0.39548779928290786406918377280673","-0.504098897912803802012633744647661344"
"-0.49732941402867675301000783646822","0.325742490119383662544318083244971028"
"-0.35012203225305846370523976342780","0.737694281440490471563603164648799374"
"-0.20460992765260953206289094955586","-1.173554744330026285154925473643328804"
"-0.06669738310912075752619203707732","0.391619120203758264559766451769601710"
"-1.03968396464237587986515095270269","-1.457372790001527345054968427383443251"
"-0.87127290486742004576268691055918","-1.289363652414084903260419707600276941"
"0.37918170364043302458107162406457","1.144787786746456598409577625328215639"
"0.47724974305881671206315579687035","1.264738916220684857599618367737323238"
"0.57724101164594357694723183800515","0.501581614161294276062195543464947524"
"0.67281805661737235081667639754610","1.092107045162869899661906866380883245"
"-1.09947635259371761920161854973447","-0.659001420590974856893017381430600686"
"-0.97897275055347511514318148978180","-0.333968567045120942889030833742085837"
"-0.85431674280612117798768150156535","-0.690013891303603932141696323414057261"
"-0.73615089983853137849472192859440","-2.229520840291197029697571956335993950"
"-0.85973540955886169970763730042599","-1.127508341737040188780393891130803012"
"-0.72464312190255777729194052871087","-1.433289459773825760534341606026830422"
"-0.51292621297167121704918096529934","1.378393469874134526934658605244653066"
"-0.39001845032527960494362507727390","0.993177692279033846159111113517382431"
"-0.28088982008648522455499429511065","0.727848359714140027825714034697010816"
"-0.17707409036771181068432996172864","0.885932472751939724857346840020895663"
"-0.12509636692116584557140245392316","0.496441073854054384280643922642755843"
"0.01639711673649283019925264636516","0.413481509234591410405199268047138735"
"0.13970036774902714939699208563299","-2.043528574309968322278797369370771437"
"0.24674741134976498720031661235467","-1.655014516402955731559703262385940222"
"0.80001247236788614857748863987915","0.923008355913063322022046595420891468"
"-0.29809316910457451041865203623712","0.398636022934154178701475820307029848"
"-0.18227782210858395915397181968384","0.557458639661007638030495814153639385"
"-0.05882081649380759610396216397052","-1.354801327864401038516507070341268005"
"0.07181929520440248253510616554894","-0.063302889796621032529238857751170031"
"0.15683780337602725606158544083818","0.047059479133753946477221521998787171"
"0.31914095336489539562862635636414","-1.258074406931248101562529156208377206"
"0.61990346160922998893515740905289","-1.273861587573052472425158835931398999"
"0.39387158089980211090966251357206","-0.794353570397683780469965407641117504"
"0.25014792457892706852350125761008","0.399701073759636826645501629203298283"
"0.33583240838312552592647608313135","0.707969678806146973834244655211359395"
"0.41882979116759554610066940746868","0.148221934227130396980145039624269493"
"0.48962991144303843367312133262422","0.608757527834861564360587798725111791"
"0.12841651896587936746225075262637","-0.091315746786878989439524496038974792"
"0.32068443294514208960003160921852","-0.562726948557689590643236516953741737"
"0.41480598798773299999905810681368","-0.503018538025496919420971037140334753"
"-0.24551471275580691537597539703355","-0.119201785089802233279349807076377983"
"-0.12995148171822017795433126066029","0.529838237707134269827959299111635025"
"-0.02466966099422058422428311649277","-1.466811338688963018248023311356418072"
"0.06281407836726790051718726630775","0.809520283674912437368702547393256296"
"-0.25315454655488441899362031302851","-0.326228104572048749271275035244065894"
"-0.14426323460267895558756171889177","0.101857881697774816503859803660760221"
"-0.06219471313804784791293695277759","-0.142000886674445665287923608857698812"
"-0.78815562632810601781237708290303","-0.159916596846275037697336531948451438"
"-0.68965286974305512505438799809181","0.299377780425679320260200501796885141"
"-0.59304775688581791272172199479890","-0.070669644724144107368984032926831033"
"-0.51417641564731630825283121947528","0.700324291859576883671307585210763877"
"-0.27941000510454107473244831971178","-1.185592569034574691371003471210159549"
"-0.14368984471239251277744854867283","-0.919773739442071399826206223819356916"
"0.11521431954258637113454825047224","0.720547301717414784683053165315865256"
"-1.38244898274595344826931432065702","-0.373501379540299504460113851724117281"
"-1.27581042396581359766133752150092","-0.207744008413752502178689621483783594"
"-1.17322260617061554939755996573738","-0.177819124936186798951427027748265838"
"-1.09159870339821424286499125615880","0.411218302378172294831775285872540940"
"-0.25845166211919116677881086858376","-0.395789000686661202753185573769195494"
"-0.14282990388045225850574788623458","-1.415345332530478625468300351304887767"
"-0.03611631482871872483436585420373","-1.416310069717471562401823110522302405"
"-0.47465966942481754104746883227444","0.214960150416339554442820178721294440"
"-0.34290792478551873232838100136851","0.598201759975452689048467221188640103"
"-0.21713199541593579997499546023446","0.152677281719592693945079247018496163"
"-0.10487844656120095811685442950913","0.741003418678681499446568585688900495"
"0.18321284025703392952421416233392","-0.010703932268617586229535499989745206"
"0.31836900479581960361876840589639","0.206040147824946632730470196689032731"
"0.44913793995818068226515944524867","-0.346873090855707655484716202295702130"
"0.57990477914407588177401289432990","0.535568677320053980727684296168058011"
"0.11089456258255745792939172153754","-0.401600442600619360133174175325995257"
"0.22733901401431109954118660203026","-0.196372040160287414706449436139187311"
"0.34018714856810507076652508045522","0.016697600593003691951943440870468271"
"0.43313392475281482136494433199026","0.057681516398549991832174057656776309"
"1.53284365630428389166422482054727","0.725006213492642556411870010966188290"
"1.56681110310672434572693342729454","0.469610645137966497656218986511765765"
"1.60165529836909760384445690250629","0.356213635064756253508738601112243841"
"1.62921417509662072177705452859733","0.944023940400321284672787270877116115"
"-0.54334705372896214402805901176099","-0.840515036521759907360944337863622054"
"-0.43611828564765975566225241187325","-0.367792641048197891003866857007044414"
"-0.33540613713635256440505523525239","-2.046406898871703273890716839475381484"
"-0.23554469316072913516662720308283","0.996719791514605717929527839583408504"
"-0.30225608200847556979372261054532","0.015338801527995680537057125525995455"
"-0.17562973141982999862439258901496","0.482794545294618603242803407924406901"
"-0.04535176297206841636340494418795","-1.243740708460911520490782282703315737"
"0.09275807707033883691251044135261","0.030413779525900329559673058477940347"
"-0.53360140085556589145647536772099","-1.826310315402085569423759036710430378"
"-0.44872165037756863053215307143077","0.551669449352277202791103896155491512"
"-0.36096604381547847211690947574452","-1.179354607386688722187301848891897213"
"-0.28207404056291706755871896601076","0.755627049883572904661346000968010779"
"-0.21421661567673178798956836171953","-0.475982494734028478958976587641571051"
"-0.05853977845374195201839870462937","0.442018527005205160646301032633127996"
"0.09167286691502196910982864985860","-0.693057630515841424407331440562076711"
"0.23993826902330374226809566483618","0.460710817104307142075281897690078072"
"0.04392354018620962323084369650977","0.831750223501492764682245517668573028"
"0.17230955547556658602215832935769","0.874614639609953356060574455945326671"
"0.28763553795722601569975270577353","1.082479586584670009008354197453556720"
"-1.16338880544418408750170371579050","1.792593738333370804487491030490714275"
"-1.03120997640065067554888559443154","1.837802199552036552439029190534360498"
"-0.89751748639206432381216064710386","1.603339253380232813320900344069902698"
"-0.76754316863650833646149101117666","2.096380858764126042033261072349081845"
"0.63140001602136296289919938122329","0.527456065688944375656549612251285343"
"0.73280186664731039256828624901888","0.225699747576793452871731771683815950"
"0.91078248720397911695302055547895","-0.267032229729339946974214853901524320"
"0.16271298457260205773613288962053","0.316308435705313076243781133978731812"
"0.30264244440371490507408724751995","0.576059720256261182922049050188106574"
"0.43238226624136044984298866926426","0.093195233417291487706364761480569620"
"0.55903463974014309875505162631227","0.531097928605683943060565233714266133"
"0.37740537291161985575046669881805","1.480795328262644666464682135803684099"
"0.47054953247756631688406985955494","1.528710076367876309864522378284018844"
"0.55879136416502777124223568605842","1.615885009473988846387799832568608194"
"0.65049258177130879102794219633717","1.333004854931197413093221148824423781"
"-0.79682919044767877999215894899532","1.625333770052334035000953116445461233"
"-0.66756381946884427802620875615096","1.524921225236780059774912285527894266"
"-0.54240295560455591870129995799325","1.198235026924626775885901861801812185"
"-0.41896367819552247057717185912375","1.785235745495155224908239887209355422"
"0.11224495503093916344788076512391","1.062447365614156672069253046258863060"
"0.24334419426564365594383466393301","1.340716906719880554643804667074809584"
"0.37715155118703002685128795388121","1.502748993165862897926425188630629987"
"0.49259583094473909023652886909165","0.934958854220839605414695611547691101"
"0.35322484778262258808723580068453","0.996407573987214842482270351580450674"
"0.44064325850489591137825459047273","1.231031666442333252977337203540439653"
"0.52876252319139074943292362335168","0.747478957631221655576286641679890195"
"0.61342305333909870630516819185459","1.205450863449249608132257690456289877"
"-0.04451135281857319092162259157255","0.669109347428915739982620267352352247"
"0.08923013756327623260070767152275","0.966036310374093137043180460620122877"
"0.20520067760718815247984614175420","0.682381567100722786579481933173224895"
"0.31502228453956754918947558928074","1.082085374707640179575437833317517795"
"0.68960405249751314032483439561674","-0.683035561701879617330792127628046513"
"0.57409078391503444593097559095260","0.695668755480293737892818775728004394"
"0.66784054281133536040983840562836","0.408346891219334739742430500120702534"
"0.74702718819065663969990712693576","0.656499514212468741566741696529814077"
"0.83117204261339356702067897984384","0.283245936602737379624250067281393756"
"0.07890099400533980635740246710425","0.685428549039571472969037329408782185"
"0.19594246757364157203123105257344","1.163055742030425382402291947130409432"
"0.30986836877483632978855551066690","1.427344071628263551496159925818047353"
"0.43238226624136044984298866926426","0.235353745496334619892710772012996380"
"-0.74934064472863848965289745176769","0.225020044019027131771267869829034037"
"-0.62597029623178254342064019529208","-0.183317990684575055079518197543438613"
"-0.52168531025684691990686412842497","0.304556931713258166313813907778153877"
"-0.42416406264716907528317015147017","0.379032565676320379095989402092105774"
"-0.32402854278158531809569445757735","1.351218084625570257216557044891991730"
"-0.17505212428944675828675531613427","1.455113375691792845428424045129381003"
"-0.03220425843473797806960557691445","1.194109894047722030966195500221867963"
"0.10738154696182113853438734509459","1.679921249843917945870441082368163811"
"0.41455437464121870376365627769023","-0.382728698201485619633179241563905998"
"-0.10573079523068015979340757284467","1.295589083092624578784167907915524223"
"0.00727440885013654080723838989231","0.551531351469384193015431867371150552"
"0.12195522374512070404504330387580","-0.375740885638231168836651533528802536"
"0.22049890010101849395427183767065","-0.091315746786878989439524496038974792"
"-0.09438007895900201836527890039207","0.322231319165801222237061022928048094"
"-0.02857483355495679093285371921600","1.030792667868101962866317115261799577"
"0.02742893888784678414492688706621","1.439955916571587037357342730278791340"
"0.08216552260418518587052525260590","2.113715686207419498469675906492634543"
"0.28166992276959340222503157268297","-0.410994570361754664114226806115019235"
"0.42109151916355233429395146791397","-0.945316989769122105320121346788784086"
"0.55781812356515625777068262991959","-0.315407122200755558174246833617221304"
"0.27751502004831454892519846806473","0.071233865784907033966744049466602460"
"0.36774954979909095857263740442370","1.673775772111898490956769810262083075"
"0.46383881664038625621378456733677","0.966672853419436506819055288571989420"
"0.04913360635559803699800479413607","1.319840859122641739104544317356850163"
"0.17177697676155344538814244287961","1.418057229450114179825694196262558762"
"0.28504281384738655504739612381523","1.378964862814622515413408900985913531"
"0.39260719613693962225687585453851","1.548471506958799167985305651467365518"
"0.65644158452156559690527853040858","-0.578793968318358002967224890591272761"
"0.79495056906568991732743291558199","-0.421726607643141477317192211552535949"
"0.15817378017297790414432240138054","1.125442448646477941608532118740397792"
"0.25876788241477116393715296815108","1.525813541002838609563838231357087292"
"0.34658314011916303099802327571934","0.959123866047740606313610210899594242"
"0.44239354226274652552332196658414","1.471281007864483677365315830282528371"
"0.75493558347406430574329966449123","0.619375211982522703014838972709595476"
"0.98497694365025242449514425405311","-0.987362916117113809500157310165245067"
"1.10441837567659886246732045065339","-0.063302889796621032529238857751170031"
"-0.86617899920449132773256654692590","-0.717621923322883954648268144430409484"
"0.42736783320380370101818674304579","-0.210207601609710313543946363875693506"
"-1.45037575687317367545927791270416","-1.131529315128227072269424185151836457"
"-1.10413815145308948619574721767161","-1.552828426046910888015035013869110636"
"-0.17938607898821865517744182908627","0.310685107343512865818899271118536339"
"-0.06303860302208170114693214683413","0.111752173194696404926968178724618784"
"0.03980584545533356292074390979936","0.191870402156975379554491559810296133"
"0.13621092572041318756300607499635","-0.436668454052910811383800233870387277"
"-0.04171117684061753807161740908961","0.316789501186636091398036881783685023"
"0.04035510035883252726457540918220","1.189145412285752041455144036447833176"
"0.17523755441596699246809341806951","0.331788840826653155951566681906503707"
"-0.37486238339169737259465866544705","1.146680919643258957786487264919489395"
"-0.27881822234111788859682089784617","1.163523772601311320322520513060513263"
"-0.17649628829735872116388409409868","0.981032500397531405576514050051916043"
"-0.07176855530147650350185132578814","0.214618007090556751619681817504172173"
"1.83666795447389453895483214899478","1.791966193469831556480566840748569295"
"2.01276038226114703653681627797960","0.453084116422682083937965445226543603"
"-1.70730108614669330531732976848726","-0.536307981626359353097568327784451973"
"-1.59196352113321560081491181139421","-0.087372078461713480188062099182860423"
"-1.48396347549052963133049856957352","-1.247203569373088056517168594218941864"
"-1.36983186061804215783015728019416","-0.680313315967794097416371990206809387"
"0.46806530881409391744587673110313","0.291088099588142052560154911673046393"
"0.36189463568645846860687717226920","-0.178038710883927382130676903789225463"
"0.46060397477916492244788710686688","1.054442748459833868202880830859358344"
"-1.64008422176419257836442928050165","-0.021600785012069839809141508480960760"
"-1.49849549648883985168647078490219","-1.205721926324808625580464480903152724"
"-1.35116569488777145994994312374401","-1.014410876660359778524386473715556579"
"-1.20690104989505297651562944366942","-2.173094846405796240233125866575807914"
"0.23469308597759189287972408635442","0.282754500847399004797169253730857121"
"-0.54397656819246438773160764306934","-0.900537209239435376722079323744104213"
"-0.42630723532383860241695843309207","0.511245926049842438817876661511631507"
"-0.18632954758629001715504501584854","0.252983797483018284373977664655509032"
"0.72227738948107515757400368856701","-0.131305958786967096856219349109250033"
"-0.06866879171824512308971816485960","-0.768571326609209971463929802858295579"
"0.08352500831572009835093653893762","-0.626834943982654583830459341111366580"
"0.24124856103710044526206668233136","-0.637092108914626205611774430249701259"
"0.40750318881308337707721141011162","0.793142655720152076646362396536768893"
"0.49704086013110299031818046953010","0.853214435972990679502748434248612270"
"0.59585266316052139033694187575786","0.539470186110360368438764282653232941"
"0.69597022132856179232801882327991","0.803766315647215437210074392998359515"
"-1.37174115664365486937417073177698","0.844526310761719100800457270475004674"
"-1.28029451953535628563141750051916","1.062447365614156672069253046258863060"
"-1.17468138901692658930398431643479","0.761921979369107525429199655817884631"
"-1.07446126777121315067812948909019","0.587034683478538735704948240762114673"
"-0.27497362752152640304100246848077","0.816304012545338048504986317691641842"
"-0.19879816923415226388596218864547","0.866609513253868236181632532128372164"
"-0.10914188832188214976085959208600","0.540165866955844985227588449544147226"
"-0.00936231394818619266020695128475","0.635299504101328027122163021058130767"
"0.86663677717646171295105304938522","0.655853437095699207841201041096654734"
"0.99377688266312039146296233571666","-0.676389481803597285492919262656610732"
"0.08597099495032923439987024203361","-0.508969720798982792584607599330428876"
"0.18268161662104855270621268270446","-0.522306108803362966849753965834765675"
"0.36418664296859975716810472776362","-0.574832452449166097482923583187688657"
"0.48591961950989974230944361983849","-1.129517543612054268134261601420550067"
"0.60139632622367739411025191248296","-1.008442630718201565213862744253534490"
"-0.13252406799574225518712699075224","-0.582765486221998476635063928849283568"
"-0.01826174552020798369571944870605","0.184562993237073407753437818370730519"
"0.21786517358283825551455719590127","-0.708672980287298083198952965401124782"
"1.01985022806881232714624781836900","-0.446795959681079660447548346407642705"
"1.11062463172339382548582567908386","-0.970554816364499425242567107770062524"
"1.30441301333649893311676322774157","-0.952845911861122116494576013811631209"
"0.39968294476563239830948527441533","-0.311816607210898673506339907269421124"
"0.48443460168560933788071833831536","-0.972373108017762124824999400208819369"
"0.56729779262230622524428692841207","-0.904365741558646383387841998387965890"
"0.63570327499602648295399734717990","1.008125182774638159969021109693525156"
"0.68960405249751314032483439561674","0.285700815008837012408618203146622358"
"0.78896059125678597087105074558920","0.414837871992333686094819501828063397"
"0.88696431906231175429449693060783","-1.192273774445382917542855463817361855"
"0.98607792599192272637604499661513","0.010476343454885731617812534164833909"
"0.30728908170772141790130238453428","0.283573475163855430207458570577108001"
"0.41480598798773299999905810681368","0.282099014252192094536551387702236259"
"0.53023224294359120402568711446360","0.313579615501647816780997948270333432"
"0.64071828159140552033806662293358","-0.250159055350979983999794571404745658"
"1.08057990164416062319434182511074","0.792787295064831780043210283176345292"
"1.19909481271250341419237776487734","1.212996569381342372839152552746960677"
"-0.81355868653449604762099936487345","-0.107399985314763930185439203694257707"
"-0.72825651918736527911169733051864","0.342708676566362382382277639472020899"
"-0.62115996849024354790695666538018","-0.798909232472585240425710814255638358"
"-0.51448902338434596136349880668651","-0.065141346652448161141859800802253113"
"-0.62725396388169658354794975473887","0.329086767017225407929787989365722588"
"-0.53014859313459087743050451640410","0.568290437598043143786290932095840598"
"-0.41926940831670246955189331000473","0.849790643137390139878804685705257710"
"-0.30314866179614137007594705114669","0.484957146708647842883629563436852785"
"0.41807561616409291656077507026716","-1.569759677936684343937880468854142365"
"1.32398933064344908710335522379264","-0.322612833079272532810258113675583340"
"0.59344013345928629031617399230254","-1.533476180109671995314813599304104830"
"0.72321394721558681811412467863139","0.073294120086092051963597191157609115"
"0.84257097560449724640042348680902","-1.725064952289679233981504512091485959"
"-0.23700941677436785912912126195366","-1.383363874782940571391603620249186249"
"-0.98559851533152923419921818055946","-0.843194200778692048809111925504181465"
"-0.86414313322525961175471470019916","-1.681061972975458817627329013754762962"
"-0.72398646819926882203309045304651","-0.465665943262094052912917363385730700"
"-0.58827426797549849009865005627755","-1.633263716581113244708322461401956949"
"0.59344013345928629031617399230254","1.365687722699486958710451574368458059"
"0.68322840052823612091099149356074","1.541936436285607292875512370370418483"
"0.77579930862373814937696890123582","1.250368652833949404834108000782253837"
"0.87432742189485552001944141783424","1.172948294185162889724959743022630455"
"1.10784362976198566233617406342180","0.696298687783808893458565217795578433"
"1.20432857896133686239639535016229","0.781373157478747526747891859356281702"
"0.22444645364088974160734779676759","0.638046881405206690269410087712984001"
"0.30548265547684366838666417744173","0.536405529938170521810130605928604410"
"0.39184838595329411795310466539048","0.427441175819910344412436424426172372"
"0.47476940639364431407401249101523","-0.344674280929178567229320674693713896"
"0.97262655354516295931685771292649","0.149114013837091880853892649679991484"
"0.44564217151141388815374815175706","1.188777048854741106424775901208579690"
"0.56365425036631407005700958768461","0.916998886833714733310594807668141913"
"0.69031187237668877803219095911873","0.807291650906034371743642860269217669"
"0.81630789848697884517098885288890","0.998695731396103607860911178224161359"
"0.47576171355154460404894203728011","-0.629173549035724738072851117199713918"
"0.58764450788903992211789564552865","-0.634154659071106534916795784624360256"
"0.70514911376107151126961080895883","0.453378135850470102101417536869989284"
"0.83482300521011342625233085464330","0.445863419611080092370474552148920676"
"1.39601311650230263088776791853438","1.257085236946842406232740855990406284"
"1.51225515699539300948890216922662","-0.101950532524568020680112914962891552"
"-0.77351721108697554733784594275312","-0.112025852376647963423780628937799104"
"-0.13195224851197457860439853573624","0.027140497620160173192544914013761099"
"0.00035029819057561685213149626448","0.471936714225912345108845913862949430"
"0.12599467617599296074606869297473","-0.570317188684076560329424095426441079"
"0.24700908523054496596248754878805","0.148043457579286431700274723204368089"
"0.50542445194669207567846182442036","0.660241537558632945360756604069995837"
"0.60476721769038913208808532107964","1.102357207915735695811728965931922500"
"0.69007594542297978347590663403151","0.472081979399778062163174835712112949"
"0.08053356954820106795162479145895","-0.705598904784627545890110892466443352"
"0.18560253103326447173258369501646","-0.955003667938957947203721693323796274"
"0.29074473513709826739819594287359","-1.248070477046771831702137302786163921"
"-0.00297725791844361491146320875755","0.710593122420701446361350731905017674"
"0.06854686268081449754972325286927","0.710218612534225068968995604505391586"
"0.15603601708694731227863987563115","1.062846529210559898273512964276849376"
"0.27335608001050594348908689428253","0.590406611745270782615085370870598249"
"0.22207835844835122227031693352767","0.617654707739389043421340567178472012"
"0.35883671545899772420729026390914","1.115921011518249491978378468252875549"
"0.49975499604922653358826898127333","-1.237698984962879414256461705700997780"
"0.63928602207007361579926885925234","0.213933497099735428328232511429798746"
"0.76468464625223763453363413726904","0.987954190321253107510292916487650356"
"0.87568316116169951632130514795683","-0.197038708504271509430298991242920004"
"0.34709440677803296608508067894344","0.648729019566274701364611324075854376"
"0.44888833687721524736318644798338","0.198798420112727713298984792885584823"
"0.54685389035648343838810560243212","-0.293985947754810021099514746213943360"
"0.65525244528416601860765793801591","-2.164531081984808456686631374024604404"
"0.13083699215029518138752259796699","-1.258947328115739193077412721921669258"
"0.20308628021719872760737879761243","0.245452243270852546117429390818451617"
"0.27491615614574426744600436038923","-1.403335777064394442909616334809575423"
"0.33660121397085415484571394102113","-1.287139696248229831512977655822908712"
"0.91951252785289198314919073629014","0.145542655885479027240445309081982036"
"0.97063834119596982822348664164293","0.255653016804742422410750089401596282"
"1.02268897691833242694599431645703","-1.321287937891436384859108435503301036"
"1.07842575754028614946721394189935","-1.320833771890277846770141099069652699"
"0.32325566264498687761984860044917","1.213087261181885434262533103242570827"
"0.41228918865045830953708244662126","0.848762050416700290040231195991790670"
"0.50542445194669207567846182442036","0.635823184150804025589392007656784478"
"0.59898692015372100235527019068576","0.736957971269103381553424122339602013"
"0.60284131909008271511493068487476","-1.099645701478017629564214547385486819"
"0.70608942657413311173048076530374","-0.977840628065635156804705818908694072"
"0.80254118082965993968198199525803","-0.085714539916259102066547448534890465"
"1.11511320590302947325441552405112","0.460271818840863735998258441325610708"
"-0.75826675605487199617710600528453","0.415741464511628970890022898706806354"
"-0.67924382049133562023038207793735","0.850361793041666365411482715293581967"
"-0.59272935860933567362967688372428","0.415892012813804924681938370517360269"
"-0.49732941402867675301000783646822","0.792787295064831780043210283176345292"
"0.94003619546667135077618573619914","-0.515759871781710994128000973481889726"
"1.02836083246653858163618315329419","-0.801844854974550064839567540578433926"
"1.33658494764320296869134783937699","1.190249985285029632332440026263205025"
"1.43841501957033149916974406854949","1.721295720426552110671656169950825002"
"1.54252094366299834979601560220462","1.674384637586535579213219085765335245"
"1.65471389932359733075884917864090","1.164927029348526850977178359043251373"
"0.22733901401431109954118660203026","1.091617272162031049441451730357144942"
"0.32479765935782589270767354938692","1.233092507526831211769208817647488288"
"0.42761869443117864508259474657834","0.964868645356076568821567834185685830"
"0.53219108454741182572218858105801","0.246626189435325229009745058913999927"
"0.55927790148846181327543352848807","-0.281506395956404053247357730322826433"
"0.75470319206205479752488622618087","-0.017431254944926411861721008408414811"
"-0.27408690354549965030692339078919","0.312454606254347491059979273598924426"
"-0.20519153776760072008412449541478","0.478605066389914452792344400645051595"
"-0.13138050541338982828998124413331","0.118859542458235179119771772218572972"
"-0.03667547203503213247273282315776","-0.382978837970492446784979210729163897"
"0.52729229858325277474695510316579","-0.711753075131000574335562894615856759"
"2.17989485130901518872663821285442","-0.600762458682134499911337928901120130"
"0.25328446370895646788908068973185","-1.863055533646936947154181238204333744"
"0.05597930825585641642084808749056","4.008633334492723718199325588275143538"
"0.16538085776852498149374956103247","3.379842487177350980232277803662478638"
"0.22655032776233824423686376442122","2.736935220052474991034373547080556949"
"0.30780506348407153038135837403535","3.198581329371687316957926142350544512"
"-0.11996165296664959290961899018423","-2.180136407732805282913302331091550787"
"-0.01603515224349176504436636365501","-2.056522714660920135538093428790135806"
"1.37857247092388956632328946457670","-1.284031430582343819877393506431148683"
"1.90168835013751527040950671391658","-1.310875152570267722001848181252083578"
"-0.81959734868477579492164280718462","-1.890210406618920804935370401789942339"
"-0.01214139905955189316955723382258","-0.956804061787883624821796076047677835"
"0.13352480235520564216170180024500","-0.891524821808087183563757755968885481"
"0.85802496576075413437338521820450","1.136240379730518441849293385903273575"
"-1.29115051836362845207353592170110","-0.445233631526738535953131887394282098"
"-1.19442377618615707576588985357364","-0.210431756071662218560021895666925141"
"-1.09374571564772053080238663240559","-0.627711513486578585899338838085234277"
"-0.98245871656279275772415028279356","-0.011098861704306214888035026652971599"
"0.37486647805152761136600725080853","-1.507185808785721053798628160740245048"
"0.55148665964482200180782801822368","-0.311577530694884672533693135572404216"
"-0.19009530159628429519826654759135","1.282714305173982819423230545102392350"
"-0.08362470922535341730245181692093","1.484081256692393938951537007455230543"
"0.00007310063666569850911179181326","-0.329368075080044113296430675989604225"
"0.09980524410921806379127741318790","-0.104044242316018808961768107582837516"
"-1.64659569028967679963744903118409","-1.503101408090185632333282665924516096"
"-1.00799264793496800109049929408560","0.942947498878750379469023392007942827"
"-0.85160997981969371089775579475760","0.825148982505327132609433550352480473"
"-0.70237322083634538864399296499323","1.023750497374520675820985631441354350"
"-0.55753357261573125182539538569457","1.442779700197519011370497561252950838"
"1.25011182984901342989723306633609","-0.207967812061292890615260949108165865"
"1.41557416091761158097813682750438","-0.363339339738821644316719158994353523"
"1.49137149465219258407854897584355","-0.219875204278902147520676905034245146"
"0.53463837652880042547373041280470","0.120131831803533038676554608683962599"
"-1.29602595326410983677011382908273","-0.018422998205875526424509998732010710"
"-1.21609877731323165149522558147502","0.055222071415810798534839680816231311"
"-1.13329968708322490007852687392403","-0.132372185313308699949895619520630631"
"-1.04357349005574302087924006326483","-0.142215528679839130454451442124783467"
"-0.57113365497504948409245238430671","-1.918506157738316750649948168369107624"
"-1.82923190327650516813623286677490","-1.119097606837994247599928003723749701"
"-1.69863488780219535906651944319167","-0.717621923322883954648268144430409484"
"-1.57711121580060609381345914265271","-0.552106057196066498364211753374634814"
"-1.46948062782476870693705577599255","-1.184759410151704176421389299987615535"
"-1.85652073900396988127997188099977","0.077033137615732008394261193382261514"
"-1.77475103752385242739687417438628","0.631628854035429981942072057543066915"
"-1.66578061917279820883616358619653","-0.159048493107859394464192633775867049"
"-1.55672323438174049119270876932176","0.284064655162876775262153968323119201"
"-2.23321506270350013206741189863834","-2.886859723308576723601962284410177712"
"-2.07907739795009020511395797622144","-1.697707672583312796742418461818136142"
"-1.92334091759197688554574842148545","-2.989690454055296338259470509478931298"
"-1.74464197776959800463925181818168","-1.950705230340324514590183611812705597"
"-1.21094561504513875210395524862303","-0.896717972560206421575907933144010325"
"-1.11203893522471467069861449767841","-0.774014806215501820618961414875738491"
"-1.01466352478377261509034695751457","-1.685063802333071056938128552934644244"
"-1.98680886793898916480539402653315","-2.589859478486913616206874640957438853"
"-1.80634151328992988268799406207004","-0.469625844490953844222303763852721336"
"-1.59840213660788727166909386308520","-0.713912735671991927380041502262203491"
"-1.41087787223872483506393157537610","-0.253381010402417228208219326569894790"
"-0.43458382579196684798755295836438","-1.544954203359530744530747995833789870"
"-2.05078451529368344986436993805471","0.116858149177432137183745209684058437"
"-1.93334565644104340238312367374009","0.180197173243039021017099480348782734"
"-1.79072773736472765372969978673169","0.091345945720066107239764771016240232"
"-1.65107807820124167998653632222256","0.055789977048341482301079998423792623"
"-1.67889207902882190110535225533419","-1.689649822881990069730471966497130884"
"-1.59961045605212637768371690456570","-0.455678583145161553026034666637262823"
"-1.51268227661389007058154737577064","-1.103991564665520239181839477962691290"
"-1.42284362235261833851833312274521","-0.358405969114855687936434781728572450"
"-0.52419120542775007540209916268607","-0.139427464531416581891311666377897623"
"-1.76259829072307569307690131426761","-0.433307057007663629335349705546792999"
"-0.89375839340212885866413676728896","-1.257201969896079652970886135581513109"
"-0.79415852889646754839075371143240","-1.305919386398986264509820355139236528"
"-0.69095578263885212247181013965344","-0.616063893187885281815230605174463597"
"-0.62308345088182896370427369720455","-1.661204130282697617357665931686042941"
"-0.39640003732329950346758752167325","-1.388096140488338072811671359423017283"
"-1.65434094767860003629595496466208","0.085413572643762208441206750993907256"
"-1.56071323078297611993147183491675","0.291414009448229656437031734598831946"
"-1.44609860392799153095567546415532","-0.062690548025149170536274864597228119"
"-1.32955392701429830315902269971176","0.386259124977807892327726184105090649"
"-2.37327750840851533245248338600865","-2.893016302338337349179165265427200189"
"-2.22901319495759508383646461411645","-1.003238926757706502363536640325134836"
"-2.08088010149559478916173298098115","-1.921829640770741687119201493330228513"
"-1.92942797302825387255297042689766","-1.193110923977693988163880952705085560"
"-1.25568992754053247236426865941713","-0.764740180569021730162799919362594909"
"-1.00553757499450306849999841155354","-1.225257323458538717714832266762727558"
"-1.87065982502682431987841198490338","-0.934623515995888213846051171270586565"
"-1.75173198378589323581124473436028","-0.584470639705054126913335264759809953"
"-1.62668552264875790990660963108648","-2.031354114776263263644831501305246002"
"-1.50282535910356852417574749813716","-1.564979314505173859880676286934278678"
"-3.00339311390283375524139020146895","-2.527030684581798366727802334551714847"
"-1.35268641575281528371909440485046","-1.080041709777601088803063766751575058"
"-1.01853036888285917885413282613984","-0.252920326863003286552433656420178016"
"-0.86617899920449132773256654692590","-0.616063893187885281815230605174463597"
"-0.70858403704538137311782560216864","-0.644755249850106381047758150686064050"
"-0.57018340842247460752265858954829","-1.163661605215672561987603285205898810"
"-0.37183759964061704409629622786176","-0.262391412278197739433948941257856054"
"-0.24404707606836764642812506067585","-0.872628620700106563869952700987608861"
"0.00367526928779126494557962605534","-1.244605709271318209339133846940259412"
"-2.13303522795814616237588638492612","-1.854744581111612078045756505108890256"
"-2.23835628714107034409468321854811","-2.042809815360252211475063191026080970"
"-2.06154071487210948618009280839405","-0.968375637164779438675544572000023208"
"-0.39487974858865654922209103244775","-1.515900534312105158048861207470977548"
"-0.91945430105875455668220736343664","0.355588061807719983404917412157332832"
"-0.83810178230549137576237806631136","-0.337610062461253126093373612553715795"
"-0.75231394726546760294824028734162","-0.616644230377306847912086067164652438"
"-0.67794446746689336494875512916402","-0.337610062461253126093373612553715795"
"0.24622401558883866437717793752008","-1.149751986943934929217109126385330784"
"-0.77119298141832583687640292984959","0.480195492857028948652459008254360153"
"-0.66464879272127351255171605790918","0.291251062958822499503191991098348263"
"-0.56701744272619853273708418151428","0.014561817598103218359555621749440459"
"-0.49390573227494270131829912541933","-0.660791298198188451441393673719274201"
"-0.95707621197063914060475811591184","0.461003414563128177789577623595626240"
"-0.83742749024743829583005241635631","-0.430210591570585877007137574340435838"
"-0.70335327705471934545938905287575","-1.831327876065033483028423990295504222"
"-0.58064774194607367135170325955685","-1.856658599519438499252756941596097222"
"-0.12538180950552777548148029311364","-0.055564118427008310618415584818353773"
"-0.01075163094342123712247715150473","0.905131249341128303071361063849442167"
"0.09709616823572455603519045135864","-0.061262676885335471408198936706453101"
"0.20229311182447179129552985250773","-0.446795959681079660447548346407642705"
"0.13916371564756011897013034435106","-0.840515036521759907360944337863622054"
"0.83619131367114061784336232147015","0.522399525784404138524086054850397409"
"0.97483459570600006678126818936608","-0.626834943982654583830459341111366580"
"1.21915767208768949909242610796920","-0.586747056794224761650892930379094076"
"1.01679100684218192465308320658471","0.742104919241627633996555514969960283"
"-0.18112089040005566536161809700867","-1.171488536317079773802358683439567947"
"-0.96609930698283109880498268077030","-0.813642439781574777154527484500170384"
"-0.81087756902163174652839651605480","-1.746941322761771721644637131664391883"
"-0.88318231423186443271347142032045","-0.236880817841897884135608343986109862"
"-0.77185691825819542232566789410983","0.746137168299740419225121655057306582"
"-0.65785477448207856420234248228211","-0.729113956975276856681332482938054622"
"-0.54240295560455591870129995799325","-0.066163640789999684658114052229013961"
"-0.45303375232657595772190112553975","-0.332029877618899044356545649830719021"
"-0.06782379112394850814695815876540","-0.175186481754161556278404276129843803"
"0.36774954979909095857263740442370","0.030029040882894962261833138696208511"
"0.41430274650218663954088814834827","0.888944288459159811036387790746625222"
"0.54758571370265198074529792487407","0.733394271913617658086595395780579894"
"0.67613318616706310943914704413240","-1.835731409250236028997959178836726248"
"0.79932256523967346845130814184170","-0.466984803014113143082161392386212160"
